,sentences1,sentences2,is_similar
0,What is the step by step guide to invest in share market in india?,What is the step by step guide to invest in share market?,0
1,What is the story of Kohinoor (Koh-i-Noor) Diamond?,What would happen if the Indian government stole the Kohinoor (Koh-i-Noor) diamond back?,0
2,How can I increase the speed of my internet connection while using a VPN?,How can Internet speed be increased by hacking through DNS?,0
3,Why am I mentally very lonely? How can I solve it?,"Find the remainder when [math]23^{24}[/math] is divided by 24,23?",0
4,"Which one dissolve in water quikly sugar, salt, methane and carbon di oxide?",Which fish would survive in salt water?,0
5,Astrology: I am a Capricorn Sun Cap moon and cap rising...what does that say about me?,"I'm a triple Capricorn (Sun, Moon and ascendant in Capricorn) What does this say about me?",1
6,Should I buy tiago?,What keeps childern active and far from phone and video games?,0
7,How can I be a good geologist?,What should I do to be a great geologist?,1
8,When do you use シ instead of し?,"When do you use ""&"" instead of ""and""?",0
9,Motorola (company): Can I hack my Charter Motorolla DCX3400?,How do I hack Motorola DCX3400 for free internet?,0
10,Method to find separation of slits using fresnel biprism?,What are some of the things technicians can tell about the durability and reliability of Laptops and its components?,0
11,How do I read and find my YouTube comments?,How can I see all my Youtube comments?,1
12,What can make Physics easy to learn?,How can you make physics easy to learn?,1
13,What was your first sexual experience like?,What was your first sexual experience?,1
14,"What are the laws to change your status from a student visa to a green card in the US, how do they compare to the immigration laws in Canada?",What are the laws to change your status from a student visa to a green card in the US? How do they compare to the immigration laws in Japan?,0
15,What would a Trump presidency mean for current international master’s students on an F1 visa?,How will a Trump presidency affect the students presently in US or planning to study in US?,1
16,What does manipulation mean?,What does manipulation means?,1
17,Why do girls want to be friends with the guy they reject?,How do guys feel after rejecting a girl?,0
18,Why are so many Quora users posting questions that are readily answered on Google?,Why do people ask Quora questions which can be answered easily by Google?,1
19,Which is the best digital marketing institution in banglore?,Which is the best digital marketing institute in Pune?,0
20,Why do rockets look white?,Why are rockets and boosters painted white?,1
21,What's causing someone to be jealous?,What can I do to avoid being jealous of someone?,0
22,What are the questions should not ask on Quora?,Which question should I ask on Quora?,0
23,How much is 30 kV in HP?,Where can I find a conversion chart for CC to horsepower?,0
24,What does it mean that every time I look at the clock the numbers are the same?,How many times a day do a clock’s hands overlap?,0
25,What are some tips on making it through the job interview process at Medicines?,What are some tips on making it through the job interview process at Foundation Medicine?,0
26,What is web application?,What is the web application framework?,0
27,Does society place too much importance on sports?,How do sports contribute to the society?,0
28,What is best way to make money online?,What is best way to ask for money online?,0
29,How should I prepare for CA final law?,How one should know that he/she completely prepare for CA final exam?,1
30,What's one thing you would like to do better?,What's one thing you do despite knowing better?,0
31,What are some special cares for someone with a nose that gets stuffy during the night?,How can I keep my nose from getting stuffy at night?,1
32,What Game of Thrones villain would be the most likely to give you mercy?,What Game of Thrones villain would you most like to be at the mercy of?,1
33,"Does the United States government still blacklist (employment, etc.) some United States citizens because their political views?",How is the average speed of gas molecules determined?,0
34,What is the best travel website in spain?,What is the best travel website?,0
35,Why do some people think Obama will try to take their guns away?,Has there been a gun control initiative to take away guns people already own?,0
36,I'm a 19-year-old. How can I improve my skills or what should I do to become an entrepreneur in the next few years?,I am a 19 year old guy. How can I become a billionaire in the next 10 years?,0
37,"When a girlfriend asks her boyfriend ""Why did you choose me? What makes you want to be with me?"", what should one reply to her?",My girlfriend said that we should end this because she is confused about her feelings for me. I wished her well and disconnected. Should I call her and ask her if she wants to get back together?,0
38,How do we prepare for UPSC?,How do I prepare for civil service?,1
39,What is the stall speed and AOA of an f-14 with wings fully swept back?,"Why did aircraft stop using variable-sweep wings, like those on an F-14?",0
40,Why do Slavs squat?,Will squats make my legs thicker?,0
41,When can I expect my Cognizant confirmation mail?,When can I expect Cognizant confirmation mail?,0
42,"Can I make 50,000 a month by day trading?","Can I make 30,000 a month by day trading?",0
43,Is being a good kid and not being a rebel worth it in the long run?,Is being bored good for a kid?,0
44,What universities does Rexnord recruit new grads from? What majors are they looking for?,What universities does B&G Foods recruit new grads from? What majors are they looking for?,0
45,What is the quickest way to increase Instagram followers?,How can we increase our number of Instagram followers?,0
46,How did Darth Vader fought Darth Maul in Star Wars Legends?,Does Quora have a character limit for profile descriptions?,0
47,"What are the stages of breaking up between couple? I mean, what happens after the breaking up emotionally whether its a male or female?","Who is affected more by a breakup, the boy or the girl?",0
48,What are some examples of products that can be make from crude oil?,What are some of the products made from crude oil?,1
49,How do I make friends.,How to make friends ?,1
50,Is Career Launcher good for RBI Grade B preparation?,How is career launcher online program for RBI Grade B?,1
51,"Will a Blu Ray play on a regular DVD player? If so, how?",How can you play a Blu Ray DVD on a regular DVD player?,1
52,Nd she is always sad?,Aerodynamically what happens when propellor rotates?,0
53,What is the best/most memorable thing you've ever eaten and why?,What is the most delicious dish you've ever eaten and why?,1
54,How GST affects the CAs and tax officers?,Why can't I do my homework?,0
55,How difficult is it get into RSI?,Do you apply for programs like RSI when you're a rising senior?,0
56,Who is israil friend?,Is my boyfriend lying about his true feelings for his friend and is he secretly attracted to her?,0
57,What are some good rap songs to dance to?,What are some of the best rap songs?,0
58,I was suddenly logged off Gmail. I can't remember my Gmail password and just realized the recovery email is no longer alive. What can I do?,I can't remember my Gmail password or my recovery email. How can I recover my e-mail?,1
59,What are the best ways to learn French?,How do I learn french genders?,0
60,How do I download content from a kickass torrent without registration?,Is Kickass Torrents trustworthy?,0
61,Is it normal to have a dark ring around the iris of my eye?,What causes a dark ring around the iris? How should it be treated?,0
62,How is the new Harry Potter book 'Harry Potter and the Cursed Child'?,How bad is the new book by J.K Rowling?,1
63,Why do I always get depressed?,Why do I always get depressed in the evening?,0
64,Where can I find a European family office database?,Where do I find a U.S. family office database?,0
65,What is Java programming? How To Learn Java Programming Language ?,How do I learn a computer language like java?,1
66,What is the best book ever made?,What is the most important book you have ever read?,1
67,Can we ever store energy produced in lightning?,Is it possible to store the energy of lightning?,1
68,What is your review of Performance Testing?,What is performance testing?,0
69,At what cost does so much privacy as in Germany come? What else is lost to gain so much privacy?,Are there any people who genuinely enjoy salad with no dressing?,0
70,What are the types of immunity?,What are the different types of immunity in our body?,0
71,What is a narcissistic personality disorder?,What is narcissistic personality disorder?,1
72,How I can speak English fluently?,How can I learn to speak English fluently?,1
73,How helpful is QuickBooks' auto data recovery support phone number to recover your corrupted data files?,What is the quickbooks customer support phone number USA?,1
74,Who is the richest gambler of all time and how can I reach his level?,Who is the richest gambler of all time and how can I reach his level as a gambler?,1
75,If I fire a bullet backward from an aircraft going faster than the bullet, will the bullet be going backwards?,0
76,How do I prevent breast cancer?,Is breast cancer preventable?,0
77,How do I log out of my Gmail account on my friend's phone?,How can I know who logged in to my Gmail account? (by telling his IP address or device name)?,0
78,How can I make money through the Internet?,"What are some different ways to make money online, excluding selling things?",0
79,What is purpose of life?,What's the purpose of life? What is life actually about?,1
80,When will the BJP government strip all the Muslims and the Christians of the Indian citizenship and put them on boats like the Rohingya's of Burma?,"Why India does not apply the ""Burma-Rohingya model"" to deport illegal Bangladeshis?",0
81,What is the right etiquette for wishing a Jehovah Witness happy birthday?,How important is it to be the first person to wish someone a happy birthday?,0
82,"If someone wants to open a commercial FM radio station in any city of India, how much does it cost and what is the procedure?","I want to make a travel commercial/clip video HD , For India and New Zealand. How much will it cost?",0
83,Why do Swiss despise Asians?,Why do technical employees despise sales people so much?,0
84,What are some of the high salary income jobs in the field of biotechnology?,What are some high paying jobs for a fresher with an M.Tech in biotechnology?,1
85,How can I increase my height after 21 also?,Can height increase after 25?,1
86,"What were the major effects of the cambodia earthquake, and how do these effects compare to the Kamchatca earthquakes in 1952?","What were the major effects of the cambodia earthquake, and how do these effects compare to the Valparaiso earthquake in 1822?",1
87,What is the difference between sincerity and fairness?,What's the difference between honest and sincere?,0
88,Which is the best gaming laptop under 60k INR?,Which is the best gaming laptop under Rs 60000?,1
89,What is your review of The Next Warrior: Proving Grounds - Part 9?,What is your review of The Next Warrior: Proving Grounds - Part 5?,0
90,What is the best reference book for physics class 11th?,"Which book should I choose for reference for physics and chemistry (class 11, CBSE board)?",0
91,"National Institute of Technology, Kurukshetra: How is the social life at NITK, Surathkal?","National Institute of Technology Karnataka (NITK) , Surathkal: To the graduating batch: What lessons would you want to give to your juniors before you leave?",0
92,What are some of the best romantic movies in English?,What is the best romantic movie you have ever seen?,1
93,What causes a nightmare?,What causes nightmares that seem real?,1
94,What is abstract expressionism in painting?,What are some of the major influences of abstract expressionism?,0
95,How does 3D printing work?,How do 3D printing work?,1
96,What was it like to attend Caltech with Jeremy Ehrhardt?,Who are some notable folks who attended Caltech?,0
97,Why did harry become a horcrux?,What is a Horcrux?,0
98,What are the best associate product manager (APM) programs that someone in their early 20s can join to learn product management and have a rewarding career in the company?,What are the general requirement to become a Product Manager or a Program Manager in a product based software company?,0
99,Why is the number for Skype at 1-855-425-3768 always busy?,How could I get Skype to work on an android 4.1.1 phone?,0
100,Will there really be any war between India and Pakistan over the Uri attack? What will be its effects?,Will there be a nuclear war between India and Pakistan?,1
101,Did Ronald Reagan have a mannerism in his speech?,How did Ronald Reagan react to 9/11?,0
102,What were the war strategies of the Union and the Confederates during the Civil War?,How could the Confederates have possibly defeated Union forces at Gettysburg during the American Civil War?,0
103,Which is the best fiction novel of 2016?,Which are some of the best fiction novels?,0
104,Can I recover my email if I forgot the password?,What should I do if I forgot my email password?,1
105,Will the recent demonetisation results in higher GDP? If so how much?,How demonetisation could affect the GDP of India in both short run and long run?,0
106,Have you ever heard of travel hacking?,Can WhatsApp be hacked?,0
107,What's the difference between love and pity?,What is the difference between love and pity?,1
108,How competitive is the hiring process at Republic Bank?,How competitive is the hiring process at S & T Bank?,0
109,How Google helps in spam ranking adjustment of the search results?,"What is the distribution of traffic between Google organic search results? e.g. #1 vs. #2 in rankings, first page vs. second page",0
110,Where can I watch gonulcelen with english subtitles?,Where can I watch sarrainodu with subtitles?,0
111,Is USA the most powerful country of the world?,Why is the USA the most powerful country of the world?,0
112,How do you obtain an instant ulcer pain relief?,What is better for a low back pain: heat or ice?,0
113,What do you think China food?,How do you think of Chinese food?,1
114,What does taking advantage of someone mean?,Is it worse to take advantage of someone or be materialistic?,0
115,Why do we cry when we are happy and when we are sad?,Why do we cry?,0
116,Why do some girls like to stick their their tongues out when taking pictures?,Why do teen girls (and women in general) allow their boyfriends to take naked pictures of them in this day and (digital) age?,0
117,"Did you find the ending of the novel ""1984"" depressing?","How do Winston and Julia differ in the novel ""1984""? How are they similar?",0
118,What are some mind-blowing computer tools that exist that most people don't know about?,What are some mind-blowing technologies that exist that most people don't know about?,0
119,Should the toothbrush be wet or dry before applying the toothpaste?,What is the cheapest toothpaste?,0
120,Why my question was marked as needing imrovement?,How can I ask a question without getting marked as ‘need to improve’?,1
121,What is the difference between a neutral state and a buffer state?,"If every state of the USA declared war against each other, which would win?",0
122,What mineral holds the highest electrical charge?,What mineral can hold the greatest electrical charge?,1
123,What is the greatest mystery in the universe?,What is the greatest mystery of all time?,0
124,What is the alternative to machine learning?,How do I over-sample a multi-class imbalance data set?,0
125,"Why does China block sanctions at the UN against the Jaish-e-Mohammad (JeM) chief, Masood Azhar?",Why does China support Masood Azhar?,1
126,What is the mean of future budget?,What is the meaning of the future?,0
127,Can excessive amounts of Vitamin C cause me to have a miscarriage?,How can Vitamin C cause a miscarriage?,1
128,What is it like to work in Asahi India Glass? What will be the pay scale after one or two years?,When will we get the Call Letter after we get the Letter of Intent in Asahi India Glass recruitment?,0
129,How do I access Torbox in India?,How do I access Google.com from India?,0
130,What are some yakshini mantras?,What is a Yantra & Mantra?,0
131,Was six party talks successful?,Which course is better in NICMAR?,0
132,How do I register my domain site email?,How do you register a .an domain?,0
133,Is it normal for older men to be attracted to young women?,Why am I attracted to older men?,0
134,What is the strongest structure or strongest shape under compression?,What is the strongest Kevlar cord?,0
135,Who are the Rohingya Muslims?,Who are the Rohingya people?,1
136,Does it matter whether humans are selfish or evil?,Does it matter whether humanity is evil or not?,1
137,Are exocytosis and endocytosis examples of active or passive transport?,What are examples of passive transport in cells?,0
138,How i get hair on bald head?,"If I shave my head for 2 years as am getting bald and then grew my hair, will the hair will be same as when I intially have? Or I loose more hair?",0
139,What is the ideal life after retirement?,What's life after retirement?,0
140,What is our stance against Pakistan?,What is the stance of Pakistan in the possession of weapons of mass destruction by North korea? Does it support DPRK or is it against DPRK?,0
141,What are good websites for escorts?,How do I find a good escort?,0
142,Which one is better polo diesel or grand i10 petrol?,What is the best diet for a growing decathlete?,0
143,Does a black hole have mass?,Does a black hole have a finite mass?,1
144,"Is Morgan Freeman correct when he says the only way to stop racism, is to stop talking about it?",What are your views about this Morgan Freeman quote about Racism?,1
145,Does Fab currently offer new employees stock options or RSUs?,Does Uber currently offer new employees stock options or RSUs?,0
146,How would you review the site Waveclues?,Is there a good pay for reviews site out there?,0
147,In how many ways can we distribute 10 identical looking pencils to 4 students so that each student gets at least one pencil?,In how many ways 12 apples can be distributed among 4 children such that every child gets at least 2 apples?,0
148,How much would it cost to hire Jerry Seinfeld for 1-2 hours?,How much on average would it cost to video tape a 2 hour presentation?,0
149,Is 7 days too late for rabies vaccine after a possible non-bite exposure?,Can I take rabies injection after 1 day of dog bite?,0
150,How many years Britain ruled India?,What is the standard amount of time off given for an international relocation?,0
151,How can I stop being afraid of working?,How do you stop being afraid of everything?,0
152,Why does Red keep the keys in OITNB?,Why does Red keep the keys in season 4 of Orange is the New Black?,1
153,At what age should someone lose their virginity?,"At what age, how, and where did you lose your virginity?",0
154,How forgetful are you?,How can I forget my wife?,0
155,Could Snoke secretly be Darth Maul?,How could snoke be darth plagueis if he was killed by the emperor?,0
156,"If I do not monetize YouTube videos & upload copyright content, then are there chances that Google may block my account?",How do you upload movies on YouTube and monetize them? Is there any issue of copyright,1
157,Would you switch from Canon 6D to Leica D-LUX 109?,What tripod should I get for my Canon 6D?,0
158,What does the Quora website look like to members of Quora moderation?,How does Quora look to a moderator?,1
159,Why nobody answer my questions in Quora?,Why is no one answering my questions in Quora?,1
160,What is the funniest joke you know?,What is the funniest joke of all time?,1
161,"I got job offer @ Chelmsford-Essex, London with £3764 PM pay-after tax deduction. Pls advice tentative monthly expenses for couple? & saving possible?","If I am leaving Norway, can I pay down my mortgage with my BSU account, and then sell my apartment without having to pay back the tax deduction I got for having BSU?",0
162,What are stereotypes about the United Kingdom?,What do Americans think about the United Kingdom?,0
163,How do I use Twitter as a business source?,How can I use Twitter for business?,1
164,How can I transfer money from Skrill to a PayPal account?,How can I send money from my PayPal account to my Skrill account to withdraw?,0
165,Which is the best earphone with deep bass under 1000?,Which is the Best earphones under Rs 1000?,1
166,Are government employees eligible to Sukanya Samrudi Yojana?,Can a Government employee apply IEC?,0
167,Which is correct - 'Looking forward to speak with you' or 'Look forward to speak with you'?,"Which is correct: ""speak with"" or ""speak to""?",0
168,Which are the best engineering fields?,What is the best field of engineering?,1
169,How do you make life suit you and stop life from abusing you mentally and emotionally?,"Why are emotionally abusive people in my life? Several ex boyfriends, friends, and past coworkers/bosses have been abusers. Do I attract them?",0
170,What is the difference between gross salary and CTC?,"There seems to be a difference between my weekly paycheck and the yearly salary my employer agreed upon, how does that work?",0
171,Which are the prospering towns in Kerala?,Why are there so many Christians in Kerala?,0
172,What is the best way to gain confidence?,How can I speak with more clarity and confidence?,0
173,Does anyone see the relation between Greek gods and Hindu gods?,"What parallelism can we draw between gods of Hindu mythology, Greek mythology, Egyptian mythology, etc.?",1
174,How do I switch from Apple Music to Spotify?,Should I switch from Spotify to Apple Music?,0
175,Which is the best fixed income fund?,What is the best fixed income fund?,1
176,What is it like to live in Cologne?,"What is it like to live in Köln, Germany? ",1
177,"Between Robert De Niro and Al Pacino, who is more successful?","Who do you regard as the best actor, Robert De Niro or Al Pacino?",0
178,Why does some people prefer small families.?,Why do some people prefer to live with small family?,1
179,Do animals kiss?,Do animals (besides humans) kiss?,1
180,How do you get deleted Instagram chats?,How can I view deleted Instagram dms?,1
181,How can I stop being addicted to love?,How do I stop being addicted to someone?,0
182,What if I hired two private eyes and ordered them to follow each other?,Would I be able to hire two private investigators and then get them to follow each other?,1
183,How do I find a startup accelerator?,How do startup accelerators give you the funding?,0
184,How can I check wifi history and access it through android phones?,I cannot open Quora through my WiFi router. Why can I only access it through a mobile network?,0
185,"What was the significance of the battle of Somme, and how did this battle compare and contrast to the Battle of Rostov?","What was the significance of the battle of Somme, and how did this battle compare and contrast to the Battle of Riyadh?",1
186,What is the most creative college admissions essay you've read?,Has any college admission officer cried in public while reading an applicant's essay?,0
187,"What would happen if you cover one of your eyes with an eye patch for one year, then take the patch off?",What happens if eye medicine enters the eye?,0
188,Is it possible to pursue many different things in life?,How do I refuse to chose between different things to do in my life?,1
189,Did Ben Affleck shine more than Christian Bale as Batman?,"No fanboys please, but who was the true batman, Christian Bale or Ben Affleck?",1
190,Which business is good start up in Hyderabad?,Which business is better to start in Hyderabad?,1
191,How can I stop being so possessive?,How do I stop being over possessive for a person whom I love?,1
192,Who was the wife of Lord Krishna?,Who is the father of lord Krishna?,0
193,What is the best combination of courses I can take up along with CA to enhance my career?,What courses must be taken along with CA course?,1
194,How do you take a screenshot on a Mac laptop?,How do I take a screenshot on my MacBook Pro? What are some instructions?,1
195,What is the work of an executive recruiter like?,What is it like to work with an executive recruiter?,0
196,Which psychological need does 'collecting' fulfill?,Why do people collect things?,0
197,What are some must watch TV shows before you die?,Are there any must watch TV shows?,1
198,How can I become more fluent in Chinese?,How can I become fluent in chinese?,1
199,What are the effects of demonitization of 500 and 1000 rupees notes on real estate sector?,What will be the impact of scrapping of ₹500 and ₹1000 rupee notes on the real estate market?,1
200,What is the easiest way to become a billionaire($)?,What is the best way to become a billionaire?,1
201,Are there People who are willing to give free lectures or conduct free workshop in India colleges?,"Almost two weeks in on Prozac, why do I still feel antisocial and still don't want to go to events? Why does my social behavior and mood change daily?",0
202,What's the best way to start learning robotics?,What is the best way to start robotics? Which is the best development board that I can start working on it?,0
203,Why do people hate Hillary Clinton?,What are the reasons that people dislike Hillary Clinton?,1
204,Why are women who are on their periods are regarded as 'unclean' such that they are prevented in taking an actived part in rituals (Hinduism)?,"Why is it always expected that a woman should take care of housework, children and cooking (especially in Indian culture)? Are these activities the responsibility of women alone? Why do men not share equally in such work?",0
205,"If atheism is the lack of belief in gods, what is the term for the belief that there is no god?","Is atheism the lack of belief in gods, or a claim that god does not exist?",0
206,What is it like to be Jack Dorsey?,What is Jack Dorsey like?,0
207,What are the best quotes/lessons of the Assassin's Creed series?,Which assassin has the best robes in Assassin's Creed?,0
208,"Do inkjet printers use color ink when printing black and white documents? If so, why?","If CMYK printers create black by using colored ink and only complementing with black ink, why do shops charge more for color prints?",0
209,Why is creativity important?,Why creativity is important?,1
210,If Hillary Clinton could not continue her Presidential campaign how would the Democratic Party choose a new candidate?,If Hillary Clinton can no longer serve as the Democratic nominee how would her successor be chosen?,1
211,How headphones work as an Antenna to play FM radio channels on Mobile phones? Why mobile companies doesn't install the same inbuilt Antenna on phones to be able to play FM without the headphones?,Why don't phones have a built-in FM antenna?,0
212,What are the best career growth technologies for automation engineers apart from automation tools?,Himalayan or Duke KTM 200 for touring?,0
213,What are the disadvantages of listing a company in NSE?,What are the benefits of listing a company in NSE?,0
214,How many derivatives of an object's position with respect to time have to be continuous?,When does drawing become fun?,0
215,Is the neutron star made up of?,Is the neutron star made up of only neutrons?,1
216,I got a 3.8 GPA. Is it enough to get into top universities like Harvard?,Is a 3.8 GPA sufficient to get into a top school?,1
217,What is a profitable way to trade binary options?,What is binary options trading?,0
218,How do I utilize free time to avoid depression?,Can a person graduating from IIMs like LIK and even the new IIMs like Ranchi and Trichy ever catch up to the graduates from ABC and get a similar package?,0
219,How can I learn computer security?,How can I get started to learn information security?,1
220,How do I earn from Quora?,Can I earn money on Quora?,1
221,What is my puk code?,What's the PUK for TF64SIMC4?,1
222,How can I find job in Japan?,How can I find an IT job in Japan?,0
223,"What are some examples of sentences using the word ""hysteria""?",What is the best home wireless network setup and expected speeds?,0
224,Will there be another billion dollar lottery Jackpot?,When will the lottery reach the next billion dollar jackpot?,1
225,How scary is it to drive on the road to Hana given all of the turns?,Do I need a four-wheel-drive car to drive all the way on the Road to Hana?,0
226,How do I create a new shell in a new terminal using C programming (Linux terminal)?,How do I create a new Terminal and new shell in Linux using C programming?,1
227,Does cognition affect perception?,Does cognitive strain affect digestion?,0
228,How TQWL is different from CKWL (Tatkal waiting list)?,I have made a railway reservation but got it on the Tatkal waiting list. Will I get a refund if I cancel it?,0
229,How can we make the world a better place to live in for the future generations?,What can I do to make the world a better place?,1
230,How many Champions are there in League of Legends?,Who is the best LoL (League of Legends) champion?,0
231,Is drinking 4 liters of water each day unhealthy?,How many liters of water should I drink if I run 5kms daily?,0
232,"Where does the water from the Great Lakes come from, and how does these lakes wildlife compare to Lake Prespa?","Where does the water from the Great Lakes come from, and how does these lakes wildlife compare to Lake Como?",0
233,Do porn stars watch porn?,How can I book Ronda Rousey to star in an adult movie?,0
234,"Trump supporters, how do you feel about the way he's walking back his promises?",Do Trump supporters now expect the president to live up to his promises he so forcefully sold them on?,0
235,Why are we worried about others' opinions?,Why do we care for others' opinion and about what others think about us?,1
236,How do you potty train a 4 months Pitbull?,How do I potty train my two-month-old Labrador pup?,1
237,"If I jump rope for five minutes, how many calories will I use?",What's the best way to jump rope?,0
238,Which online test series is best for GATE 2017 in CS stream?,Which test series is the best for GATE computer science stream?,1
239,What is the best material for understanding algorithmic analysis by a newbie?,What math does a complete newbie need to understand algorithms for computer programming? What books on algorithms are suitable for a complete beginner?,0
240,What is the temperament of a Bullmastiff/Husky mix?,What is the temperament of a Corgi-Husky mix?,0
241,"There are 8 balls. 7 of them weigh the same. 1 of them has a different weight, (you don't know if it's heavier or lighter). How do you find the odd ball with 2 weighs?","How many 4 digit numbers can be formed by using 0, 1, 2, 3, 4, 5, 6, and 7? How many of them are between 4000 and 6000?",0
242,"In the play ""A Raisin in the Sun"", why do Walter ad Beneatha argue?","In ""A Raisin in the Sun"", why do Walter and Beneatha argue?",1
243,What are the signs of an ultra smart person playing dumb?,What are signs of ultra smart people hiding their intelligence?,1
244,If dark energy is created with expansion can infinite of it be created?,"If energy is not conserved in an expanding universe, is potential energy infinite (the energy that can be created is infinite)?",1
245,How do you get a book published?,What are the good ways to write and publish a book?,0
246,Who is disrupting Bloomberg?,Who will disrupt Bloomberg?,1
247,Why can flash run so fast?,The Flash (DC character): How fast can the Flash run a mile?,0
248,"What is the best way to invest $500 legally so that I can get tangible profits over a relatively short period of time, say 6 months?",How can I best invest ₹5000 over the next 6 months?,0
249,How will the implementation of GST bill impact the lives of common people?,What exactly is GST bill and how exactly will it affect the common people?,1
250,How can you recover your Gmail password?,"I do not remember my password to my Gmail account, how can I recover my account?",1
251,How accurately can a mental illness can be diagnosed?,How can I accurately diagnose and medicate my mental illness?,1
252,Is knee pain in a 20 year old girl normal?,Is it normal for a 14 year old girl to be spitting up blood?,0
253,What are the qualities of a good leader?,What are some good qualities of a leader?,1
254,"What is the difference between bay, gulf and straits?",What exactly is the difference between a sea and a bay?,0
255,Will Modi win in 2019?,Can Narendra Modi become Prime Minister of India in 2019?,1
256,How can I open DMart store in India? Is there any franchise for that?,How do I get reliance digital store franchise?,0
257,What are the best YouTube channels to learn medicine?,What are some of the best YouTube channels for learning Git?,0
258,Did Swami Vivekananda ever eat non-veg or egg during his journey around the world?,Why don't most of the Hindus eat non-veg?,0
259,What will happen if I cancel TQWL tickets before the charting is done?,Can we cancel a 'Tatkal waiting list' ticket?,0
260,"What exactly is the ""Common Core Initiative/Standards"" and what are the pros and cons?",What are the pros and cons of the Common Core Standards Initiative?,1
261,How do I choose a journal to publish my paper?,Where do I publish my paper?,1
262,What are your New Year's resolutions for 2017?,What is your creative New Year's resolution for 2017?,1
263,What do you do if you had a bad dream?,How do you not get bad dreams?,0
264,Why do Slavs squat?,Do squats work for men?,0
265,How many marks should I score for AIIMS rank 151?,What minimum marks should I score to get among top 50 in AIIMS?,0
266,"In an operating room, when two surgeons of equal experience disagree on a surgical procedure, how is the tie broken?",Doctors: How do surgeons hold out on surgeries more than 6 hours long? Do they rest during the operation?,0
267,How many months does it take to gain knowledge in developing Android apps from scratch?,How much time does it take to learn Android app development from scratch?,1
268,How do I love my body as a guy?,"How can I make my whole body more fair, if I am a wheatish Indian guy?",0
269,What are the rights of a prisoner?,"If I am in prison, what rights would I have?",1
270,How can I get free gems in Clash of Clans?,How can I get free gems Clash of Clans?,1
271,Why aren't there more apps like Word Lens?,What does Word Lens use for OCR?,0
272,My ex-girlfriend is suffering from malaria. I have a deep urge of visiting her but I have my placements on. I have no idea how to be with her. What should I do?,"Should I be worried that my girlfriend texts her ex-boyfriend till 4 a.m., and if so, why?",0
273,What is the best way to get traffic on your website?,How do i get traffic for website?,1
274,How do you feel when someone upvotes your answer on Quora?,How does it feel to see upvotes to your answer on Quora?,1
275,What are some of the best films and TV shows that feature strong female protagonists?,What are the best female strong characters in films?,1
276,How far would you go for love? Should I wait for the one I love ir move on?,"As a thirteen year old, what is the best thing I can do for my health?",0
277,How do most people die?,How do people die?,0
278,Why are most clothes made of polyester now instead of cotton?,How are cotton clothes made?,0
279,What is in bone marrow?,What does bone marrow taste like?,0
280,Were there any slave with the name Reddice?,"In Ancient Rome, slaves were branded. What happened with the brand mark if they were subsequently liberated?",0
281,How long does it take for a dead body to float to the surface after drowning ?,"When a dead body is in a river, how long does it take before it floats?",1
282,How do I get over a friend with whom I haven't talked in 3 years but still miss him?,How do I get over someone I loved now that we broke up last year and I still miss her?,0
283,When travelling to a new region is it better to immerse yourself in 1–2 cities or to see as many cities as you can cram in?,What are the ways to explore world without spending more money?,0
284,How can I make money online with free of cost?,How do I to make money online?,1
285,Where can I buy best quality customized cupcakes in Gold Coast?,Where can I find delicious cupcakes at Gold Coast?,1
286,How successful was odd even plan?,How successful was the Delhi's Odd-even plan?,1
287,If there will be a war between India and Pakistan who will win?,Who will win if a war starts between India and Pakistan?,1
288,How do you deal with a fear of dying?,How can you reduce your fear of dying?,1
289,What would be the estimated cost of repairing the cracked screen of iphone 6?,What is the price I have to pay for repairing a broken iPhone 6 screen? How can it be done?,0
290,What are the most interesting products and innovations that McDonald's is coming out with in 2016?,What are the most interesting products and innovations that Ball is coming out with in 2016?,0
291,"Is there an end to the universe, and if not, is the universe infinite?",Is the Universe infinite or is there an end to the Universe?,1
292,What is CPAGrip.com?,What is bestmytest.com?,0
293,How much funds should I raise?,How much money should I raise?,1
294,What Anna Hazare think about PM Modi?,What do you people think of Mr. Arvind Kejriwal and his AAP?,0
295,What will be the effect of banning 500 and 1000 notes on stock markets in India?,What will be the effect of the ban of the 1000rs and 500rs notes on the stock market?,1
296,How does concentric contractions differ from eccentric contractions?,How do concentric and eccentric contraction compare and contrast?,1
297,Why did the puppet they used for Yoda in Episode I suck so bad?,"Why do people not question ""news"" posts and opinions posted on social media websites?",0
298,On what online platforms can I post ads for beer money opportunity?,What online platforms can I post ads for beer money opportunity?,0
299,What the meaning of this all life?,What's are the meaning of life?,1
300,How should I start small business effectively?,How should I start a small business in construction?,0
301,How can we acquire a positive morality?,What are time deposits? Are RD and FD types of time deposits?,0
302,Do you need friends?,Why do we need friends?,0
303,Do I exist?,Do we exist?,0
304,Which are the best Hollywood thriller movies?,What are the best thriller movie in Hollywood?,1
305,"Should I repeat 2nd year in college, or find a new college? It's a 5 year course.",I study in Ashutosh College in Kolkata. Can I study in any other college in India in my 2nd year?,0
306,How is petrol or diesel pumped up in a filling station using a motor without igniting any fire?,What happens when you fill a petrol car with diesel? What is the solution if such an incident happened?,0
307,What job possibilities exist for a Bachelors in Homeland Security?,What jobs are available with a bachelor’s degree in Homeland Security?,1
308,Which are the best books to understand calculus?,What are good books to self study calculus?,1
309,Why and how did you break up with her/him?,How and why did you break up with your ex?,1
310,Can I use Jio SIM in iPhone 5s?,Does iPhone 5S support JIO VoLTE?,0
311,What are some unwritten rules in USA?,What are some unwritten rules you have for your home?,0
312,What is the best answer to what you did in two years gap in a job interview?,What is the best excuse to explain a gap (of one or two years) in your job career for a job interview?,1
313,What are the best songs for low voices?,What are some songs for a sweet airy mezzo voice?,0
314,Can anyone predict my birth chart?,What can you tell me regarding this birth chart?,0
315,When was the birth of the trigonometric functions?,Who were the creators of trigonometry?,0
316,"What does this saying mean; ""Don't trust everything you see even salt looks like sugar""?","People say ""don't try to please others."" Does being nice to others mean pleasing them?",0
317,What do countries do to prevent war?,How should countries prevent war?,1
318,How can I become a billionaire?,How can I become a billionaire (in finance)?,1
319,Why should I learn web design?,How can I learn about web design?,0
320,"What's the best on-line calender/scheduling/booking system? Something that allows me to show my availability & customers can 'request' to meet me. When I 'accept' their request, the appointment pops into our calendars & reminders are automated.",Is there a web service that can send appointment sms-reminders to customers extracting data from Google calendar?,0
321,How will Indian GDP be affected from banning 500 and 1000 rupees notes?,What will be the implications of banning 500 and 1000 rupees currency notes on Indian economy?,1
322,Why does understanding death philosophical?,What makes understanding death philosophical?,1
323,Why are dogs considered omnivores?,Are dogs carnivorous animals?,1
324,What it is like to be cheated upon in a relationship?,What is it like to be in a relationship with someone you cheated with?,0
325,How do I know if someone blocked my texts?,If I turn of my user id off can I text someone that blocked me?,0
326,What are the most interesting foods you have eaten in any country?,What is the most delicious dish you've ever eaten and why?,1
327,What is it like to be a private banker?,What is like to be a private banker in Switzerland?,0
328,What is journalism for you?,What is journalism?,0
329,How can one increase concentration?,How can I improve my concentration?,1
330,"How do I see ""sent invitations"" on Linkedin if I don't have any more pending invitations?","How can you personalize a LinkedIn invitation? I think I just sent a colleague an invitation on LinkedIn, but did not get a chance to personalize it!",0
331,What are the pros and cons of the German Shepherd dog?,What are the pros and cons of having a pet German Shepherd?,1
332,What is the difference between deism and agnosticism?,What is the difference between a hobby and a habit?,0
333,Why do male porn stars masturbate to ejaculate?,Is it OK for a husband and wife to masturbate together? Is it considered cheating if your partner is masturbating without your consent?,0
334,How much CGPA I require to get an admission for MTech CSE at IIT Madras?,Can I get a job in a consulting firm after Mtech in CSE from IIT?,0
335,Is there a biological reason that people cry when they are emotional?,What is the biological reason for crying?,0
336,What are 5 facts about the earth's crust?,How does the Earth's core affect its crust?,0
337,Why does ISRO not use friction stir welding technology?,Should a guy re-evaluate his current relationship and feelings if he's worried about temptation hanging out with a girl that he was friends with?,0
338,I wish to simulate a fake location for an app running on my iOS device. How do you fake a GPS location for iOS without jailbreaking as a non-coder?,How can I fake my iPhone location without jailbreaking?,0
339,What would be the best way to quit smoking?,How did you quit/stop smoking?,1
340,Which is the best programing language for tcs?,Which is the best programming language?,0
341,Earthquake resistant homes?,How do earthquake resistant buildings work?,1
342,Is Kristen Stewart a bad actress?  Why or why not?,Is Jennifer Lawrence a bad actress?,0
343,Why do some Japanese guys try to look feminine? Don't the girls find it gross?,Why have most of the guys in India become so desperate? Don't they know that girls don't always look for relationships? Would it hurt guys to become our friend first?,0
344,What are the five most popular sugar daddy websites?,What is it like to date a cougar or a sugar daddy?,0
345,What is the VTU 1st sem exam time table of 2016 (Dec)?,How do I frame my time table for 4 months to crack Gate 2016?,0
346,What is the best phone to buy below 15k?,Which are best mobile phones to buy under 15000?,1
347,How do we start a business?,How do I start business from nothing?,1
348,What's the best near-death experience you've ever had?,Has anyone ever had a near-death experience?,1
349,Why do I keep getting fleas from my dogs?,How can I keep my dog from getting fleas?,1
350,What year did the letter J come?,When was the Letter J created?,1
351,Harvard College Courses: What is general shopping advice for Turkish classes?,Harvard College Courses: What is general shopping advice for Tamil classes?,0
352,How do I send message from one Android phone to another Android phone through bluetooth?,How do I transfer my contacts from one Android phone to another Android phone?,0
353,What are the most important books ever written?,What is the most important book you have ever read?,1
354,What universities does Sigma Designs recruit new grads from? What majors are they looking for?,What universities does Sigma-Aldrich recruit new grads from? What majors are they looking for?,0
355,Can we do an M.Phil in India after doing Masters in UK (MA in Psychology)?,I'm a masters student interested to work in Humanitarian sector. What are the skills required? I'm a medical doctor doing my masters in UK,0
356,What universities does Powell Industries recruit new grads from? What majors are they looking for?,What universities does Chart Industries recruit new grads from? What majors are they looking for?,0
357,What are some of the best movie posters you have come across?,What are the best & iconic movie posters?,0
358,What are some examples of deuteromycota and how are they formed?,Could all bitcoin mining be done by a single Raspberry Pi?,0
359,How racist is too racist?,How racist are you?,0
360,Are there any differences between however and nevertheless?,What's the difference between between and among?,0
361,Are Canada Geese really Canadian?,What do Canadians call Canada?,0
362,How do I find the zeros of the polynomial function [math]f(x)=\dfrac{1}{2}x^{3}-3x[/math]?,How would you find the zero of the function for [math]y=\frac{4x^2 - 36x}{ x-9}[/math]?,0
363,How do I edit my devices on my Google play account?,How do I add a second device to a Google Play account?,0
364,How can I become a good speaker?,What should I do to be a good Speaker?,1
365,How can I write a letter to Mr. Narendra Modi?,How can I write to Narendra Modi?,1
366,Who is more electable in a general Presidential election: Donald Trump or Ted Cruz?,Who is more delusional: Donald Trump or Ted Cruz?,0
367,Why do they name bastards Snow?,"If Jon Snow is not Ned's bastard, why does Lady Catelyn hate him so much?",0
368,What do you think about the Bermuda Triangle?,What are your theories about Bermuda Triangle?,1
369,Do Mexican girls like black guys?,Do girls like black guys with no beard?,0
370,Have you lived in a tiny house?,Would you live in a tiny house?,0
371,"What is a boy/girl called when he/she is 1-6 years old, 6-11years old, 11-14 years old, and 14-18 years old?",I am an 18 years old boy and I love a girl who's 14 years old. We both live Tamil Nadu. Is this a time to propose to her?,0
372,Can you debeak cockerels at 8 months old?,How much and with what should I feed my 3 months old raven?,0
373,What should someone do to overcome anxiety?,What should I do to avoid depression and anxiety?,1
374,How do we avoid whey in Yogurt?,Is bad breath a sign of a strong stomach?,0
375,"Im in love with my bisexual best friend who is also a guy and has a girlfriend, and I want to tell him. How do I move on?","I'm a girl and I'm in love my best friend (who is also a girl), what should I do?",0
376,What is the best university in Germany for an MS?,Which are the best universities in Germany for getting a degree in mechanical engineering?,0
377,How do I maintain my peace of mind?,How can I maintain my peace of mind?,1
378,Which car has good build quality in india?,Is Volkswagen a good reliable car?,0
379,Why does massaging one's temples soothe a migraine or headache?,What are the causes and most effective ways to treat or cure migraine headaches?,0
380,Which one is better among KMC Manipal and KMC Mangalore?,What is the brief comparison of KMC in Manipal and Mangalore?,1
381,Why are my bestfriend still ignoring me?,What should I do when my bestfriend is ignoring me?,0
382,What are the sensors available in Acer Liquid Z630S Android Smart phone by using CPU-Z App?,Which useful Android phone apps are not available in the Google Play store?,0
383,How do I keep motivation to learn a language?,How do you keep motivated when you learn a new language?,1
384,What are the top assessment companies in India?,Which are the top firms in Skills assessment industry in India and Globally?,0
385,What does @ mean as an emoticon?,Emoticons: What does “:/” mean?,0
386,Is a pinkish discharge normal in early pregnancy? What causes it?,What did nicholas piramal do with 17500 cr?,0
387,What are the best ways to properly finger yourself?,What would be the best way of keeping yourself amused in a prison?,0
388,How do scientists work?,Where do scientists work?,0
389,How many sponsored candidates are shortlisted for CMC vellore?,"What is the office culture and woking at Patanjali office, haridwar?",0
390,What is the different between Chinese wedding ceremony and western wedding ceremony?,What is the difference between Chinese and Western style wedding?,1
391,What is the condition of tourism in Pakistan?,Preferable PG courses for BE (EEE) student in Tamil Nadu?,0
392,What is the different between offshore and onshore funds?,What is the difference between offshore and onshore?,0
393,Why should one hate Shahrukh Khan?,Why do people hate Shahrukh Khan and why do people feel that he is not an Indian?,1
394,What are the best self-help books you've ever read?,What are the top self help books I should read?,1
395,Is Evernote useful?,What is Evernote used for?,1
396,A title for my continuation to The Gift of the Magi?,How do I start my continuation for the Gift of the Magi?,0
397,What is a good song to lyric prank your best friend?,What are some good lyric prank songs to send your best friends?,1
398,I argued with my gf that she made friends with the person that hit on her. She said I'm a control freak and she wants her freedom. What should I do?,I'm a girl in middle school. My best friends are all girls. I've found out that I'm bisexual. How do I tell my best friend who's a girl without her freaking out and it changing our whole friendship?,0
399,How do I pass a drug test for methamphetamine?,Can hair dye help pass a hair follicle drug test for daily meth smokers?,1
400,How could start with open source development?,How should I start contributing to open source projects?,1
401,Why do dreams look so real?,"If you dream about some kind of harm, will there be injuries in real life?",0
402,Do cricket players really drink tea on a tea break?,Do cricketers actually drink tea during tea break?,1
403,How can I get entry in MIT?,What are the requirements for selection into MIT?,1
404,Does a fetus breathe when it's inside a womb?,How does a fetus exhale in the womb?,1
405,What are movies with incest scenes?,Are there any good incest movie?,1
406,"What are the signs that a guy has feelings for you or has a crush on you, but doesn't want to show it, so he hides it?",The guy I'm dating never texts me and I feel like he doesn't care about me but when I see him he shows me he likes me and wants me. Why do I feel this way?,0
407,"According to the International Federation of Robotics, how many robots existed in 2012?",What type of belt can be used to lift 200 Kg continuously?,0
408,"Why is Oberon mad at Titania in ""A Midsummer Night's Dream""?","Why does Oberon punish Titania in ""A Midsummer Night's Dream""?",0
409,Do you regret your divorce?,Have you ever regretted your divorce?,1
410,"How much does your DNA change over time? If I were to clone myself 70 years from now, will the clone have the same hair color?",How much can a person's DNA change from birth to death in a life span of approximately 70 years?,1
411,Is it right to tell a girl the you have feelings for her?,What are some cool facts about Facebook?,0
412,"Is Donald Trump taking cocaine, as Howard Dean suggests?",Are there any strong indications that Donald Trump does cocaine?,1
413,"Is it true that in order to be part of an elite or just rich and successful, you have to join a secret organisation otherwise no chance at all?",What is the syllabus for ICSE 2017 geography map?,0
414,Which is more financially beneficial: being in a firm or teaching in an architecture college?,"Why might career training programs be more beneficial than a college degree, if at all, to aspiring entrepreneurs and tycoons?",0
415,How can I see the Comedy Nights with Kapil live show?,What is the way to watch Comedy Nights with Kapil live on the sets?,1
416,Why is sandeep maheshwari not on Quora?,Who is Sandeep Maheshwari?,0
417,What is the biggest monster in Monster Hunter?,Is there a Monster Hunter PC game?,0
418,How can I convince people to stop blaspheming against the Holy Spirit?,Does it matter from which college you do your graduation (BCom) from for admission into a top Indian B-School even If I score high(99%+)?,0
419,Why can't I stop watching porn?,Why should / shouldn't I watch porn?,0
420,How can I start trusting any one?,How can one learn to trust again?,0
421,What's your bucket list?,What is your bucket list?,1
422,How did you first come across porn?,How were you first introduced to porn?,1
423,"Which car services are available in Normal, IL? How good are they compared to taxis and relative to each other?",Which car services are available in Atlanta? How good are they compared to taxis and relative to each other?,0
424,Why can’t charged molecules pass through the lipid cell membrane?,Why can't sodium channels pass through potassium channels?,0
425,How does it feel to be a spouse of a renowned porn star?,How can I get rid of the feeling that my spouse is cheating on me?,0
426,What is the best hostel booking affiliate program?,Which is the best non AC girls hostel in Srm?,0
427,"How can the drive from Brooklyn to Staten Island be described, and how do these cities' tourist attractions compare to those in Queens?","How can the drive from Brooklyn to Staten Island be described, and how do these cities' tourist attractions compare to other tourist attractions?",0
428,What can I eat every day to be more healthy?,Is it healthy to eat a whole avocado every day?,1
429,How do I make free calls to family members on Airtel Andhra Pradesh?,How do I get Facebook badge notifications on HTC 10?,0
430,What would Hillary Clinton do now that the election is over?,What will Hillary Clinton do now?,1
431,Should I use Vicks Vapor Rub for a stuffy nose?,How do you apply Vicks Vapor rub to treat a stuffy nose?,1
432,How I start prepare for UGC net English literature latest syllabus?,How do I prepare for Net JRF in English literature?,1
433,How did early Europeans get protein before the Columbian Exchange?,How did they say breakfast in Portuguese before coffee was introduced to Europeans & the Portuguese language?,0
434,What is the best forum for graphic designers?,Who is the best graphic designer in israel?,0
435,Is Alex Jones a satirical show?,How is The Canterbury Tales a satire?,0
436,Should I learn AngularJS 1.5 instead of AngularJS 2 if I don't know TypeScript?,Which should I start with: Angular 2 or AngularJS 1?,0
437,Why can't we fall asleep on some days?,Why do we fall asleep?,0
438,Which Marvel movies have not included Stan Lee cameos?,What is your favourite Stan Lee cameo in a Marvel film?,0
439,What are your views on Modi governments decision to demonetize 500 and 1000 rupee notes? How will this affect economy?,What are your views on ban of 500 and 1000 rupee notes in India?,1
440,What does the 10/6 label on the Mad Hatter's hat mean?,How do you find a figure labeled this way in a textbook?,0
441,Who wrote the Kars for Kids jingle?,I am a freelance musician. How can I get into the jingle industry?,0
442,Why is Saltwater Taffy candy imported in Greece?,Why is Saltwater taffy candy imported in China?,1
443,What are the minimum requirements to enter MIT?,How can I join MIT?,1
444,How do you answer a question on Quora?,What is the best thing you've ever learned on Quora?,0
445,Israel vs Iran: who would win?,"If Israel and Iran went to war, who would win?",1
446,When is it too late to learn the piano?,I'm almost 40. Is it too late for me to learn piano?,1
447,What are natural numbers?,What is a least natural number?,0
448,Is One Plus 3T 4G VoLTE enabled phone?,Which phone to buy Moto m or one plus 3t?,0
449,How do I enter a new email ID which I can access to recover my Facebook ID?,I lost all my ID. I am adopted and can't access my original birth certificate. How do I replace my ID without even a birth certificate?,0
450,How we can travel faster than light?,Is it possible to travel faster than light?,1
451,What is it like being a firefighter?,What's it like to be a firefighter?,1
452,What are the factors that causes data inconsistency in distributed platform/application?,What are the main data platform?,0
453,What are the differences between POCSO and sexual offenses in the IPC?,Do we need the IPC section 375?,0
454,"What is an alternative for the word ""is""?",What is the alternative word for creative?,0
455,What is considered an illegal screen in the NBA?,Shaquille O'Neal considers Tim Duncan a power forward therefore disqualifying Duncan from the NBA great big men discussion. Does O'Neal have a point?,0
456,Nothing excites me anymore. How do I regain that excitement?,Why do I feel like I'm excited about something when I have nothing to be excited about?,0
457,What are the life lessons that Batman teaches us?,What are the life lessons you can learn from the dark knight?,1
458,How do you stop a criminal's attempt to kidnap you so you escape unharmed?,How do you stop a criminal's attempt to kidnap you and escape unharmed?,1
459,How do I sell on Amazon?,How do I start selling on Amazon?,1
460,Daniel Ek: When an we expect Spotify in India?,Daniel Ek: Are there any future plans of releasing Spotify in India?,1
461,What are the top 10 books one should read in his or her early 20s?,What books are worth reading in early 20s?,1
462,Which book should I start with for the GATE preparation?,What book do I start with for GATE preparation?,1
463,"What does the phrase ""He who does not love abides in death"" exactly mean?","What does the phrase ""love begets love"" mean?",0
464,What is similar to 4Shared?,What is similar to 4shared but better?,1
465,Can you get high if someone touches weed and then you shake their hand and then you eat something with that same hand?,"If someone grabs you by your shirt with both their hands and tells you to shut up, is that assault and can you call the police?",0
466,Considering the current trend of information technology what is the future of print media?,What is this model's name? I see her everywhere.,0
467,What is the best recipe for chicken pizza?,What are some good pizza recipes?,0
468,What are some good places to learn mountaineering in India?,What are some good mountaineering institutes for a beginner level mountaineering course?,1
469,Do new table tennis balls damage rubbers?,How do you unlock a car with a tennis ball?,0
470,My new Xbox one S can't connect to internet during setup. Any solutions?,Can I withdraw my money from any branch of particular bank .my bank is bank of Baroda I have no Atm card and cheque book?,0
471,Is it wrong for me to be content with my life?,What is a cover story?,0
472,Is gravity only a theory?,"According to the M-theory, there are 11 dimensions. Why are only 5 dimensions in regards to gravity addressed in Interstellar?",0
473,How could I become a fighter pilot when I have less than the required eyesight?,I have terrible eyesight. Can I still become a fighter pilot in the Air Force?,0
474,Operation executive salary in Infosys?,"How do I do the Wake Back To Bed lucid dreaming technique when I think I have restless leg syndrome (regardless, my legs hurt at night.)?",0
475,Have cavemen been scientifically tested?,Have mythical creatures been scientifically tested?,0
476,Can climate change be reversed?,Can the global climate change be reversed or halted?,1
477,How should ask my crush for her number?,What should I ask my crush?,0
478,Why do I believe that gravitation force exist?,Does gravitational force exists in all planets?,0
479,Did Mahabharata really happen?,Did Mahabharata really happen or only an allegory according to M.K.Gandhi?,1
480,Can Congress stop Presidents from starting a major war?,What's a good source to purchase Attorneys eMail addresses? Thanks,0
481,Is it safe to lose 25 pounds in 1 month?,Is it healthy to lose 13 pounds in a month?,0
482,What are some cute shounen ai series?,When will the Pokémon series end?,0
483,Why are police lights red and blue?,Why are police lights red and/or blue?,1
484,How do I post a question that was marked as needing improvement?,"Why was my question marked as ""needs improvement?""",1
485,Who owns nature?,Who owns Natural Factors?,0
486,How can I install OBB/data file on an Android?,I want to install EXE extension files in Android mobile. Is it possible?,0
487,What is garbage value? And Why do we get garbage value in c?,What is garbage value in c?,0
488,How do I prepare for software interviews?,What are the best ways to prepare for software interviews?,1
489,Does Rahul Gandhi have any chance to become next PM of India after Modi?,Does Rahul Gandhi have chances to become next Pm of India after Modi?,1
490,Is noon 12 am or 12 pm?,Is it good to do gym at morning and swimming at noon?,0
491,What is the difference between a comet and an asteroid?,What is the difference between asteroids and comets?,1
492,Is chocolate milk good for you?,Why is unrefrigerated milk good for you?,0
493,How should I study,What are some tricks to study effectively?,1
494,Which country is best for higher education and work?,Which is the best country for higher education after USA and UK?,0
495,What is the painting on this image?,What is this painting?,0
496,Which are the major highways in California and how are they compared to the major highways in Tennessee?,Which are the major highways in California and how are they compared to the major highways in Texas?,0
497,What's beyond our Universe?,"If space is expanding, where does the new space come from?",0
498,Is growing of hair a physical or a chemical change?,Can a bald person ever grow their hair back?,0
